"Start";"End";"Label"
0;0.046439909;"N"
0.046439909;2.567346939;"C"
2.567346939;4.963265306;"D:min"
4.963265306;7.273650794;"G"
7.273650794;9.520181406;"C"
